feature,importance
slope,0.3912804139522018
chestpain,0.13378397533266356
restingBP,0.12766002138531563
noofmajorvessels,0.08125799841638004
serumcholestrol,0.07669762661347919
maxheartrate,0.04394144361823342
restingrelectro,0.03662258013634006
oldpeak,0.03277643405425581
gender,0.025266764059751493
fastingbloodsugar,0.0246427684485626
age,0.023081435805067455
exerciseangia,0.0029885381777490366
